-- phpMyAdmin SQL Dump
-- version 4.6.1
-- http://www.phpmyadmin.net
--
-- Хост: localhost
-- Время создания: Июн 20 2016 г., 12:29
-- Версия сервера: 10.0.25-MariaDB-0ubuntu0.16.04.1
-- Версия PHP: 7.0.4-7ubuntu2.1

SET SQL_MODE = "NO_AUTO_VALUE_ON_ZERO";
SET time_zone = "+00:00";


/*!40101 SET @OLD_CHARACTER_SET_CLIENT=@@CHARACTER_SET_CLIENT */;
/*!40101 SET @OLD_CHARACTER_SET_RESULTS=@@CHARACTER_SET_RESULTS */;
/*!40101 SET @OLD_COLLATION_CONNECTION=@@COLLATION_CONNECTION */;
/*!40101 SET NAMES utf8mb4 */;

--
-- База данных: `win`
--

-- --------------------------------------------------------

--
-- Структура таблицы `categories`
--

CREATE TABLE `categories` (
  `id` int(11) NOT NULL,
  `name` varchar(255) NOT NULL,
  `parent` int(11) NOT NULL,
  `visible` int(1) NOT NULL
) ENGINE=InnoDB DEFAULT CHARSET=utf8mb4;

--
-- Дамп данных таблицы `categories`
--

INSERT INTO `categories` (`id`, `name`, `parent`, `visible`) VALUES
(18, 'Витрина', 0, 1),
(19, 'Окна', 18, 1),
(20, 'Двери', 18, 1),
(21, 'Слайдеры', 0, 0),
(22, 'Верхний слайдер', 21, 0),
(23, 'Нижний слайдер', 21, 0);

-- --------------------------------------------------------

--
-- Структура таблицы `migration`
--

CREATE TABLE `migration` (
  `version` varchar(180) NOT NULL,
  `apply_time` int(11) DEFAULT NULL
) ENGINE=InnoDB DEFAULT CHARSET=utf8mb4;

--
-- Дамп данных таблицы `migration`
--

INSERT INTO `migration` (`version`, `apply_time`) VALUES
('m000000_000000_base', 1465997177),
('m140209_132017_init', 1465997178),
('m140403_174025_create_account_table', 1465997178),
('m140504_113157_update_tables', 1465997178),
('m140504_130429_create_token_table', 1465997178),
('m140830_171933_fix_ip_field', 1465997178),
('m140830_172703_change_account_table_name', 1465997178),
('m141222_110026_update_ip_field', 1465997179),
('m141222_135246_alter_username_length', 1465997179),
('m150614_103145_update_social_account_table', 1465997179),
('m150623_212711_fix_username_notnull', 1465997179);

-- --------------------------------------------------------

--
-- Структура таблицы `orders`
--

CREATE TABLE `orders` (
  `id` int(11) NOT NULL,
  `phone` varchar(13) DEFAULT NULL,
  `email` varchar(255) DEFAULT NULL,
  `region_id` int(11) DEFAULT NULL,
  `updated_at` int(13) NOT NULL,
  `created_at` int(13) NOT NULL
) ENGINE=InnoDB DEFAULT CHARSET=utf8;

--
-- Дамп данных таблицы `orders`
--

INSERT INTO `orders` (`id`, `phone`, `email`, `region_id`, `updated_at`, `created_at`) VALUES
(5, NULL, NULL, NULL, 1466413312, 1466413312),
(6, NULL, NULL, NULL, 1466413546, 1466413546),
(8, NULL, NULL, NULL, 1466414716, 1466414716);

-- --------------------------------------------------------

--
-- Структура таблицы `orders_products`
--

CREATE TABLE `orders_products` (
  `id` int(11) NOT NULL,
  `order_id` int(11) NOT NULL,
  `product_id` int(11) NOT NULL,
  `count` int(5) NOT NULL,
  `price` decimal(7,2) DEFAULT NULL
) ENGINE=InnoDB DEFAULT CHARSET=utf8;

-- --------------------------------------------------------

--
-- Структура таблицы `partners_regions`
--

CREATE TABLE `partners_regions` (
  `id` int(11) NOT NULL,
  `partner_id` int(11) NOT NULL,
  `region_id` int(11) NOT NULL
) ENGINE=InnoDB DEFAULT CHARSET=utf8mb4;

-- --------------------------------------------------------

--
-- Структура таблицы `pictures`
--

CREATE TABLE `pictures` (
  `id` int(11) NOT NULL,
  `path` varchar(255) NOT NULL,
  `product_id` int(11) NOT NULL,
  `created_at` int(15) NOT NULL
) ENGINE=InnoDB DEFAULT CHARSET=utf8mb4;

--
-- Дамп данных таблицы `pictures`
--

INSERT INTO `pictures` (`id`, `path`, `product_id`, `created_at`) VALUES
(58, '122026_Papel-de-Pare12_2016-06-16_07:22:15.jpg', 12, 0),
(59, 'ubuntu_linux_debian_12_2016-06-16_07:22:15.jpg', 12, 0),
(60, 'WallpapersxlKubuntuU12_2016-06-16_07:22:15.jpg', 12, 0),
(61, '122026_Papel-de-Pare13_2016-06-16_07:22:21.jpg', 13, 0),
(62, 'ubuntu_linux_debian_13_2016-06-16_07:22:21.jpg', 13, 0),
(63, 'WallpapersxlKubuntuU13_2016-06-16_07:22:21.jpg', 13, 0),
(64, '122026_Papel-de-Pare14_2016-06-16_07:22:57.jpg', 14, 0),
(65, 'ubuntu_linux_debian_14_2016-06-16_07:22:57.jpg', 14, 0),
(66, 'WallpapersxlKubuntuU14_2016-06-16_07:22:58.jpg', 14, 0),
(67, '122026_Papel-de-Pare15_2016-06-16_07:23:03.jpg', 15, 0),
(68, 'ubuntu_linux_debian_15_2016-06-16_07:23:04.jpg', 15, 0),
(69, 'WallpapersxlKubuntuU15_2016-06-16_07:23:04.jpg', 15, 0),
(70, '122026_Papel-de-Pare16_2016-06-16_07:23:17.jpg', 16, 0),
(71, 'ubuntu_linux_debian_16_2016-06-16_07:23:18.jpg', 16, 0),
(72, 'WallpapersxlKubuntuU16_2016-06-16_07:23:18.jpg', 16, 0),
(73, '122026_Papel-de-Pare17_2016-06-16_07:23:24.jpg', 17, 0),
(74, 'ubuntu_linux_debian_17_2016-06-16_07:23:24.jpg', 17, 0),
(75, 'WallpapersxlKubuntuU17_2016-06-16_07:23:24.jpg', 17, 0),
(76, '122026_Papel-de-Pare18_2016-06-16_07:23:29.jpg', 18, 0),
(77, 'ubuntu_linux_debian_18_2016-06-16_07:23:30.jpg', 18, 0),
(78, 'WallpapersxlKubuntuU18_2016-06-16_07:23:30.jpg', 18, 0),
(79, '122026_Papel-de-Pare19_2016-06-16_07:23:35.jpg', 19, 0),
(80, 'ubuntu_linux_debian_19_2016-06-16_07:23:36.jpg', 19, 0),
(81, 'WallpapersxlKubuntuU19_2016-06-16_07:23:36.jpg', 19, 0);

-- --------------------------------------------------------

--
-- Структура таблицы `products`
--

CREATE TABLE `products` (
  `id` int(11) NOT NULL,
  `category_id` int(11) NOT NULL,
  `name` varchar(255) NOT NULL,
  `price` decimal(7,2) NOT NULL,
  `description` text NOT NULL,
  `created_at` int(13) NOT NULL
) ENGINE=InnoDB DEFAULT CHARSET=utf8mb4;

--
-- Дамп данных таблицы `products`
--

INSERT INTO `products` (`id`, `category_id`, `name`, `price`, `description`, `created_at`) VALUES
(12, 19, 'Окно 1', '123.00', '<p>Lorem ipsum dolor sit amet, consectetur adipisicing elit, sed do eiusmod</p><p>tempor incididunt ut labore et dolore magna aliqua. Ut enim ad minim veniam,</p><p>quis nostrud exercitation ullamco laboris nisi ut aliquip ex ea commodo</p><p>consequat. Duis aute irure dolor in reprehenderit in voluptate velit esse</p><p>cillum dolore eu fugiat nulla pariatur. Excepteur sint occaecat cupidatat non</p><p>proident, sunt in culpa qui officia deserunt mollit anim id est laborum.Lorem ipsum dolor sit amet, consectetur adipisicing elit, sed do eiusmod</p><p>tempor incididunt ut labore et dolore magna aliqua. Ut enim ad minim veniam,</p><p>quis nostrud exercitation ullamco laboris nisi ut aliquip ex ea commodo</p><p>consequat. Duis aute irure dolor in reprehenderit in voluptate velit esse</p><p>cillum dolore eu fugiat nulla pariatur. Excepteur sint occaecat cupidatat non</p><p>proident, sunt in culpa qui officia deserunt mollit anim id est laborum.</p>', 1466099153),
(13, 19, 'Окно 2', '236.79', '<p>Lorem ipsum dolor sit amet, consectetur adipisicing elit, sed do eiusmod</p><p>tempor incididunt ut labore et dolore magna aliqua. Ut enim ad minim veniam,</p><p>quis nostrud exercitation ullamco laboris nisi ut aliquip ex ea commodo</p><p>consequat. Duis aute irure dolor in reprehenderit in voluptate velit esse</p><p>cillum dolore eu fugiat nulla pariatur. Excepteur sint occaecat cupidatat non</p><p>proident, sunt in culpa qui officia deserunt mollit anim id est laborum.Lorem ipsum dolor sit amet, consectetur adipisicing elit, sed do eiusmod</p><p>tempor incididunt ut labore et dolore magna aliqua. Ut enim ad minim veniam,</p><p>quis nostrud exercitation ullamco laboris nisi ut aliquip ex ea commodo</p><p>consequat. Duis aute irure dolor in reprehenderit in voluptate velit esse</p><p>cillum dolore eu fugiat nulla pariatur. Excepteur sint occaecat cupidatat non</p><p>proident, sunt in culpa qui officia deserunt mollit anim id est laborum.</p>', 1466099192),
(14, 20, 'Дверь 1', '325.74', '<p>Lorem ipsum dolor sit amet, consectetur adipisicing elit, sed do eiusmod</p><p>tempor incididunt ut labore et dolore magna aliqua. Ut enim ad minim veniam,</p><p>quis nostrud exercitation ullamco laboris nisi ut aliquip ex ea commodo</p><p>consequat. Duis aute irure dolor in reprehenderit in voluptate velit esse</p><p>cillum dolore eu fugiat nulla pariatur. Excepteur sint occaecat cupidatat non</p><p>proident, sunt in culpa qui officia deserunt mollit anim id est laborum.Lorem ipsum dolor sit amet, consectetur adipisicing elit, sed do eiusmod</p><p>tempor incididunt ut labore et dolore magna aliqua. Ut enim ad minim veniam,</p><p>quis nostrud exercitation ullamco laboris nisi ut aliquip ex ea commodo</p><p>consequat. Duis aute irure dolor in reprehenderit in voluptate velit esse</p><p>cillum dolore eu fugiat nulla pariatur. Excepteur sint occaecat cupidatat non</p><p>proident, sunt in culpa qui officia deserunt mollit anim id est laborum.</p>', 1466099210),
(15, 20, 'Дверь 2', '231.34', '<p>Lorem ipsum dolor sit amet, consectetur adipisicing elit, sed do eiusmod</p><p>tempor incididunt ut labore et dolore magna aliqua. Ut enim ad minim veniam,</p><p>quis nostrud exercitation ullamco laboris nisi ut aliquip ex ea commodo</p><p>consequat. Duis aute irure dolor in reprehenderit in voluptate velit esse</p><p>cillum dolore eu fugiat nulla pariatur. Excepteur sint occaecat cupidatat non</p><p>proident, sunt in culpa qui officia deserunt mollit anim id est laborum.Lorem ipsum dolor sit amet, consectetur adipisicing elit, sed do eiusmod</p><p>tempor incididunt ut labore et dolore magna aliqua. Ut enim ad minim veniam,</p><p>quis nostrud exercitation ullamco laboris nisi ut aliquip ex ea commodo</p><p>consequat. Duis aute irure dolor in reprehenderit in voluptate velit esse</p><p>cillum dolore eu fugiat nulla pariatur. Excepteur sint occaecat cupidatat non</p><p>proident, sunt in culpa qui officia deserunt mollit anim id est laborum.</p>', 1466099233),
(16, 23, 'Элемент нижнего слайдера 1', '343.20', '<p>Lorem ipsum dolor sit amet, consectetur adipisicing elit, sed do eiusmod</p><p>tempor incididunt ut labore et dolore magna aliqua. Ut enim ad minim veniam,</p><p>quis nostrud exercitation ullamco laboris nisi ut aliquip ex ea commodo</p><p>consequat. Duis aute irure dolor in reprehenderit in voluptate velit esse</p><p>cillum dolore eu fugiat nulla pariatur. Excepteur sint occaecat cupidatat non</p><p>proident, sunt in culpa qui officia deserunt mollit anim id est laborum.Lorem ipsum dolor sit amet, consectetur adipisicing elit, sed do eiusmod</p><p>tempor incididunt ut labore et dolore magna aliqua. Ut enim ad minim veniam,</p><p>quis nostrud exercitation ullamco laboris nisi ut aliquip ex ea commodo</p><p>consequat. Duis aute irure dolor in reprehenderit in voluptate velit esse</p><p>cillum dolore eu fugiat nulla pariatur. Excepteur sint occaecat cupidatat non</p><p>proident, sunt in culpa qui officia deserunt mollit anim id est laborum.</p>', 1466099292),
(17, 23, 'Элемент нижнего слайдера 2', '1000.00', '<p>Lorem ipsum dolor sit amet, consectetur adipisicing elit, sed do eiusmod</p><p>tempor incididunt ut labore et dolore magna aliqua. Ut enim ad minim veniam,</p><p>quis nostrud exercitation ullamco laboris nisi ut aliquip ex ea commodo</p><p>consequat. Duis aute irure dolor in reprehenderit in voluptate velit esse</p><p>cillum dolore eu fugiat nulla pariatur. Excepteur sint occaecat cupidatat non</p><p>proident, sunt in culpa qui officia deserunt mollit anim id est laborum.Lorem ipsum dolor sit amet, consectetur adipisicing elit, sed do eiusmod</p><p>tempor incididunt ut labore et dolore magna aliqua. Ut enim ad minim veniam,</p><p>quis nostrud exercitation ullamco laboris nisi ut aliquip ex ea commodo</p><p>consequat. Duis aute irure dolor in reprehenderit in voluptate velit esse</p><p>cillum dolore eu fugiat nulla pariatur. Excepteur sint occaecat cupidatat non</p><p>proident, sunt in culpa qui officia deserunt mollit anim id est laborum.</p>', 1466099342),
(18, 22, 'Элемент верхнего слайдера 1', '122.98', '<p>Lorem ipsum dolor sit amet, consectetur adipisicing elit, sed do eiusmod</p><p>tempor incididunt ut labore et dolore magna aliqua. Ut enim ad minim veniam,</p><p>quis nostrud exercitation ullamco laboris nisi ut aliquip ex ea commodo</p><p>consequat. Duis aute irure dolor in reprehenderit in voluptate velit esse</p><p>cillum dolore eu fugiat nulla pariatur. Excepteur sint occaecat cupidatat non</p><p>proident, sunt in culpa qui officia deserunt mollit anim id est laborum.Lorem ipsum dolor sit amet, consectetur adipisicing elit, sed do eiusmod</p><p>tempor incididunt ut labore et dolore magna aliqua. Ut enim ad minim veniam,</p><p>quis nostrud exercitation ullamco laboris nisi ut aliquip ex ea commodo</p><p>consequat. Duis aute irure dolor in reprehenderit in voluptate velit esse</p><p>cillum dolore eu fugiat nulla pariatur. Excepteur sint occaecat cupidatat non</p><p>proident, sunt in culpa qui officia deserunt mollit anim id est laborum.</p>', 1466099363),
(19, 22, 'Элемент верхнего слайдера 2', '213.54', '<p>Lorem ipsum dolor sit amet, consectetur adipisicing elit, sed do eiusmod</p><p>tempor incididunt ut labore et dolore magna aliqua. Ut enim ad minim veniam,</p><p>quis nostrud exercitation ullamco laboris nisi ut aliquip ex ea commodo</p><p>consequat. Duis aute irure dolor in reprehenderit in voluptate velit esse</p><p>cillum dolore eu fugiat nulla pariatur. Excepteur sint occaecat cupidatat non</p><p>proident, sunt in culpa qui officia deserunt mollit anim id est laborum.Lorem ipsum dolor sit amet, consectetur adipisicing elit, sed do eiusmod</p><p>tempor incididunt ut labore et dolore magna aliqua. Ut enim ad minim veniam,</p><p>quis nostrud exercitation ullamco laboris nisi ut aliquip ex ea commodo</p><p>consequat. Duis aute irure dolor in reprehenderit in voluptate velit esse</p><p>cillum dolore eu fugiat nulla pariatur. Excepteur sint occaecat cupidatat non</p><p>proident, sunt in culpa qui officia deserunt mollit anim id est laborum.</p>', 1466099414);

-- --------------------------------------------------------

--
-- Структура таблицы `profile`
--

CREATE TABLE `profile` (
  `user_id` int(11) NOT NULL,
  `name` varchar(255) COLLATE utf8_unicode_ci DEFAULT NULL,
  `public_email` varchar(255) COLLATE utf8_unicode_ci DEFAULT NULL,
  `gravatar_email` varchar(255) COLLATE utf8_unicode_ci DEFAULT NULL,
  `gravatar_id` varchar(32) COLLATE utf8_unicode_ci DEFAULT NULL,
  `location` varchar(255) COLLATE utf8_unicode_ci DEFAULT NULL,
  `website` varchar(255) COLLATE utf8_unicode_ci DEFAULT NULL,
  `bio` text COLLATE utf8_unicode_ci
) ENGINE=InnoDB DEFAULT CHARSET=utf8 COLLATE=utf8_unicode_ci;

--
-- Дамп данных таблицы `profile`
--

INSERT INTO `profile` (`user_id`, `name`, `public_email`, `gravatar_email`, `gravatar_id`, `location`, `website`, `bio`) VALUES
(1, NULL, NULL, NULL, NULL, NULL, NULL, NULL),
(15, NULL, NULL, NULL, NULL, NULL, NULL, NULL);

-- --------------------------------------------------------

--
-- Структура таблицы `regions`
--

CREATE TABLE `regions` (
  `id` int(11) NOT NULL,
  `name` varchar(255) NOT NULL
) ENGINE=InnoDB DEFAULT CHARSET=utf8mb4;

--
-- Дамп данных таблицы `regions`
--

INSERT INTO `regions` (`id`, `name`) VALUES
(3, 'Переяслав'),
(4, 'Хмельницкий'),
(5, 'Киев'),
(6, 'Пруссия'),
(8, 'Киевская Русь');

-- --------------------------------------------------------

--
-- Структура таблицы `social_account`
--

CREATE TABLE `social_account` (
  `id` int(11) NOT NULL,
  `user_id` int(11) DEFAULT NULL,
  `provider` varchar(255) COLLATE utf8_unicode_ci NOT NULL,
  `client_id` varchar(255) COLLATE utf8_unicode_ci NOT NULL,
  `data` text COLLATE utf8_unicode_ci,
  `code` varchar(32) COLLATE utf8_unicode_ci DEFAULT NULL,
  `created_at` int(11) DEFAULT NULL,
  `email` varchar(255) COLLATE utf8_unicode_ci DEFAULT NULL,
  `username` varchar(255) COLLATE utf8_unicode_ci DEFAULT NULL
) ENGINE=InnoDB DEFAULT CHARSET=utf8 COLLATE=utf8_unicode_ci;

-- --------------------------------------------------------

--
-- Структура таблицы `token`
--

CREATE TABLE `token` (
  `user_id` int(11) NOT NULL,
  `code` varchar(32) COLLATE utf8_unicode_ci NOT NULL,
  `created_at` int(11) NOT NULL,
  `type` smallint(6) NOT NULL
) ENGINE=InnoDB DEFAULT CHARSET=utf8 COLLATE=utf8_unicode_ci;

-- --------------------------------------------------------

--
-- Структура таблицы `user`
--

CREATE TABLE `user` (
  `id` int(11) NOT NULL,
  `username` varchar(255) COLLATE utf8_unicode_ci NOT NULL,
  `email` varchar(255) COLLATE utf8_unicode_ci NOT NULL,
  `password_hash` varchar(60) COLLATE utf8_unicode_ci NOT NULL,
  `auth_key` varchar(32) COLLATE utf8_unicode_ci NOT NULL,
  `confirmed_at` int(11) DEFAULT NULL,
  `unconfirmed_email` varchar(255) COLLATE utf8_unicode_ci DEFAULT NULL,
  `blocked_at` int(11) DEFAULT NULL,
  `registration_ip` varchar(45) COLLATE utf8_unicode_ci DEFAULT NULL,
  `created_at` int(11) NOT NULL,
  `updated_at` int(11) NOT NULL,
  `flags` int(11) NOT NULL DEFAULT '0',
  `type` varchar(25) COLLATE utf8_unicode_ci NOT NULL DEFAULT 'partner'
) ENGINE=InnoDB DEFAULT CHARSET=utf8 COLLATE=utf8_unicode_ci;

--
-- Дамп данных таблицы `user`
--

INSERT INTO `user` (`id`, `username`, `email`, `password_hash`, `auth_key`, `confirmed_at`, `unconfirmed_email`, `blocked_at`, `registration_ip`, `created_at`, `updated_at`, `flags`, `type`) VALUES
(1, 'admin', 'email@email.ru', '$2y$10$tv4cRT23luXR6ZZIveDN4uDO.D4XS250QfQK3wDMgG6U2mALYRfhy', '9OKghb3P67QjnuknO2INTJ5uD-zPLz8E', 1465997720, NULL, NULL, '127.0.0.1', 1465997720, 1466233255, 0, 'admin'),
(15, 'partner', 'partner@gmail.com', '$2y$10$hJPwCNIZ/.4uBufeuCULC.fit1NTxj3CpnXCLo8/d6fsU6QhGAxMq', 'oIGeMehDyd4lj1N0_-TfBZOlUxOye-Zs', 1466412498, NULL, NULL, '127.0.0.1', 1466412499, 1466414791, 0, 'admin');

--
-- Индексы сохранённых таблиц
--

--
-- Индексы таблицы `categories`
--
ALTER TABLE `categories`
  ADD PRIMARY KEY (`id`),
  ADD KEY `parent` (`parent`),
  ADD KEY `name` (`name`(191));

--
-- Индексы таблицы `migration`
--
ALTER TABLE `migration`
  ADD PRIMARY KEY (`version`);

--
-- Индексы таблицы `orders`
--
ALTER TABLE `orders`
  ADD PRIMARY KEY (`id`),
  ADD KEY `phone` (`phone`),
  ADD KEY `email` (`email`),
  ADD KEY `region_id` (`region_id`);

--
-- Индексы таблицы `orders_products`
--
ALTER TABLE `orders_products`
  ADD PRIMARY KEY (`id`),
  ADD KEY `order_id` (`order_id`),
  ADD KEY `product_id` (`product_id`);

--
-- Индексы таблицы `partners_regions`
--
ALTER TABLE `partners_regions`
  ADD PRIMARY KEY (`id`),
  ADD KEY `partner_id` (`partner_id`),
  ADD KEY `region_id` (`region_id`);

--
-- Индексы таблицы `pictures`
--
ALTER TABLE `pictures`
  ADD PRIMARY KEY (`id`),
  ADD KEY `product_id` (`product_id`),
  ADD KEY `created_at` (`created_at`);

--
-- Индексы таблицы `products`
--
ALTER TABLE `products`
  ADD PRIMARY KEY (`id`),
  ADD KEY `category_id` (`category_id`);

--
-- Индексы таблицы `profile`
--
ALTER TABLE `profile`
  ADD PRIMARY KEY (`user_id`);

--
-- Индексы таблицы `regions`
--
ALTER TABLE `regions`
  ADD PRIMARY KEY (`id`),
  ADD KEY `name` (`name`(191));

--
-- Индексы таблицы `social_account`
--
ALTER TABLE `social_account`
  ADD PRIMARY KEY (`id`),
  ADD UNIQUE KEY `account_unique` (`provider`,`client_id`),
  ADD UNIQUE KEY `account_unique_code` (`code`),
  ADD KEY `fk_user_account` (`user_id`);

--
-- Индексы таблицы `token`
--
ALTER TABLE `token`
  ADD UNIQUE KEY `token_unique` (`user_id`,`code`,`type`);

--
-- Индексы таблицы `user`
--
ALTER TABLE `user`
  ADD PRIMARY KEY (`id`),
  ADD UNIQUE KEY `user_unique_email` (`email`),
  ADD UNIQUE KEY `user_unique_username` (`username`),
  ADD KEY `type` (`type`);

--
-- AUTO_INCREMENT для сохранённых таблиц
--

--
-- AUTO_INCREMENT для таблицы `categories`
--
ALTER TABLE `categories`
  MODIFY `id` int(11) NOT NULL AUTO_INCREMENT, AUTO_INCREMENT=24;
--
-- AUTO_INCREMENT для таблицы `orders`
--
ALTER TABLE `orders`
  MODIFY `id` int(11) NOT NULL AUTO_INCREMENT, AUTO_INCREMENT=9;
--
-- AUTO_INCREMENT для таблицы `orders_products`
--
ALTER TABLE `orders_products`
  MODIFY `id` int(11) NOT NULL AUTO_INCREMENT, AUTO_INCREMENT=9;
--
-- AUTO_INCREMENT для таблицы `partners_regions`
--
ALTER TABLE `partners_regions`
  MODIFY `id` int(11) NOT NULL AUTO_INCREMENT, AUTO_INCREMENT=182;
--
-- AUTO_INCREMENT для таблицы `pictures`
--
ALTER TABLE `pictures`
  MODIFY `id` int(11) NOT NULL AUTO_INCREMENT, AUTO_INCREMENT=82;
--
-- AUTO_INCREMENT для таблицы `products`
--
ALTER TABLE `products`
  MODIFY `id` int(11) NOT NULL AUTO_INCREMENT, AUTO_INCREMENT=20;
--
-- AUTO_INCREMENT для таблицы `regions`
--
ALTER TABLE `regions`
  MODIFY `id` int(11) NOT NULL AUTO_INCREMENT, AUTO_INCREMENT=9;
--
-- AUTO_INCREMENT для таблицы `social_account`
--
ALTER TABLE `social_account`
  MODIFY `id` int(11) NOT NULL AUTO_INCREMENT;
--
-- AUTO_INCREMENT для таблицы `user`
--
ALTER TABLE `user`
  MODIFY `id` int(11) NOT NULL AUTO_INCREMENT, AUTO_INCREMENT=16;
--
-- Ограничения внешнего ключа сохраненных таблиц
--

--
-- Ограничения внешнего ключа таблицы `orders_products`
--
ALTER TABLE `orders_products`
  ADD CONSTRAINT `orders_products_ibfk_1` FOREIGN KEY (`order_id`) REFERENCES `orders` (`id`) ON DELETE CASCADE ON UPDATE CASCADE;

--
-- Ограничения внешнего ключа таблицы `profile`
--
ALTER TABLE `profile`
  ADD CONSTRAINT `fk_user_profile` FOREIGN KEY (`user_id`) REFERENCES `user` (`id`) ON DELETE CASCADE;

--
-- Ограничения внешнего ключа таблицы `social_account`
--
ALTER TABLE `social_account`
  ADD CONSTRAINT `fk_user_account` FOREIGN KEY (`user_id`) REFERENCES `user` (`id`) ON DELETE CASCADE;

--
-- Ограничения внешнего ключа таблицы `token`
--
ALTER TABLE `token`
  ADD CONSTRAINT `fk_user_token` FOREIGN KEY (`user_id`) REFERENCES `user` (`id`) ON DELETE CASCADE;

/*!40101 SET CHARACTER_SET_CLIENT=@OLD_CHARACTER_SET_CLIENT */;
/*!40101 SET CHARACTER_SET_RESULTS=@OLD_CHARACTER_SET_RESULTS */;
/*!40101 SET COLLATION_CONNECTION=@OLD_COLLATION_CONNECTION */;
